{"assets/icons/Calendar.svg":["assets/icons/Calendar.svg"],"assets/icons/Camera.svg":["assets/icons/Camera.svg"],"assets/icons/Chart.svg":["assets/icons/Chart.svg"],"assets/icons/Document.svg":["assets/icons/Document.svg"],"assets/icons/Filter.svg":["assets/icons/Filter.svg"],"assets/icons/Graph.svg":["assets/icons/Graph.svg"],"assets/icons/Home.svg":["assets/icons/Home.svg"],"assets/icons/Icon-Alaarm.svg":["assets/icons/Icon-Alaarm.svg"],"assets/icons/Icon-Bed.svg":["assets/icons/Icon-Bed.svg"],"assets/icons/Icon-Bed_alarm.svg":["assets/icons/Icon-Bed_alarm.svg"],"assets/icons/Icon-Repeat.svg":["assets/icons/Icon-Repeat.svg"],"assets/icons/Icon-Repetitions.svg":["assets/icons/Icon-Repetitions.svg"],"assets/icons/Icon-Swap.svg":["assets/icons/Icon-Swap.svg"],"assets/icons/Icon-Time.svg":["assets/icons/Icon-Time.svg"],"assets/icons/Icon-Vibrate.svg":["assets/icons/Icon-Vibrate.svg"],"assets/icons/Icon-Weight.svg":["assets/icons/Icon-Weight.svg"],"assets/icons/Image.svg":["assets/icons/Image.svg"],"assets/icons/Logout.svg":["assets/icons/Logout.svg"],"assets/icons/Message.svg":["assets/icons/Message.svg"],"assets/icons/Notification-Icon.svg":["assets/icons/Notification-Icon.svg"],"assets/icons/Notification-Icon_RedDot.svg":["assets/icons/Notification-Icon_RedDot.svg"],"assets/icons/Notification.svg":["assets/icons/Notification.svg"],"assets/icons/Profile.svg":["assets/icons/Profile.svg"],"assets/icons/Search.svg":["assets/icons/Search.svg"],"assets/icons/Setting.svg":["assets/icons/Setting.svg"],"assets/icons/Shield Done.svg":["assets/icons/Shield Done.svg"],"assets/icons/Swap.svg":["assets/icons/Swap.svg"],"assets/icons/airplane.png":["assets/icons/airplane.png"],"assets/icons/atm-card.png":["assets/icons/atm-card.png"],"assets/icons/barbel_1.svg":["assets/icons/barbel_1.svg"],"assets/icons/blocked.png":["assets/icons/blocked.png"],"assets/icons/calories1.svg":["assets/icons/calories1.svg"],"assets/icons/direct-flight.png":["assets/icons/direct-flight.png"],"assets/icons/fare.png":["assets/icons/fare.png"],"assets/icons/globe.png":["assets/icons/globe.png"],"assets/icons/google.jpg":["assets/icons/google.jpg"],"assets/icons/help-web-button.png":["assets/icons/help-web-button.png"],"assets/icons/history.png":["assets/icons/history.png"],"assets/icons/money.png":["assets/icons/money.png"],"assets/icons/paypal.png":["assets/icons/paypal.png"],"assets/icons/plane.png":["assets/icons/plane.png"],"assets/icons/question.png":["assets/icons/question.png"],"assets/icons/receive-amount.png":["assets/icons/receive-amount.png"],"assets/icons/tax.png":["assets/icons/tax.png"],"assets/icons/total_customer.png":["assets/icons/total_customer.png"],"assets/icons/total_flight.png":["assets/icons/total_flight.png"],"assets/icons/total_passenger.png":["assets/icons/total_passenger.png"],"assets/icons/total_payment.png":["assets/icons/total_payment.png"],"assets/icons/visa.png":["assets/icons/visa.png"],"assets/images/dollar.png":["assets/images/dollar.png"],"assets/images/goog.png":["assets/images/goog.png"],"assets/images/onboard1.png":["assets/images/onboard1.png"],"assets/images/onboard2.png":["assets/images/onboard2.png"],"assets/images/onboard3.png":["assets/images/onboard3.png"],"assets/images/splash.png":["assets/images/splash.png"],"packages/cupertino_icons/assets/CupertinoIcons.ttf":["packages/cupertino_icons/assets/CupertinoIcons.ttf"],"packages/fluttertoast/assets/toastify.css":["packages/fluttertoast/assets/toastify.css"],"packages/fluttertoast/assets/toastify.js":["packages/fluttertoast/assets/toastify.js"]}